AccB	accB
AccB	accC
AcrR	acrA
AcrR	acrB
AcrR	acrR
AcrR	micF
Ada	ada
Ada	ada
Ada	aidB
Ada	alkA
Ada	alkB
Ada	alkB
AdiY	adiA
AdiY	gadA
AdiY	gadB
AdiY	gadC
AdiY	gadX
AdiY	gltB
AdiY	gltD
AdiY	gltF
AgaR	agaA
AgaR	agaB
AgaR	agaC
AgaR	agaD
AgaR	agaI
AgaR	agaR
AgaR	agaS
AgaR	agaV
AgaR	agaW
AgaR	kbaY
AgaR	kbaZ
AidB	aidB
AlaS	alaS
AllR	allA
AllR	allB
AllR	allS
AllR	gcl
AllR	glxK
AllR	glxR
AllR	hyi
AllR	ybbW
AllR	ybbY
AllS	allC
AllS	allD
AllS	allE
AlsR	alsA
AlsR	alsB
AlsR	alsC
AlsR	alsE
AlsR	rpiB
AlsR	rpiR
AppY	appA
AppY	appB
AppY	appC
AppY	appX
AppY	hyaA
AppY	hyaB
AppY	hyaC
AppY	hyaD
AppY	hyaE
AppY	hyaF
AraC	araA
AraC	araA
AraC	araA
AraC	araB
AraC	araB
AraC	araB
AraC	araC
AraC	araC
AraC	araC
AraC	araD
AraC	araD
AraC	araD
AraC	araE
AraC	araF
AraC	araG
AraC	araH
AraC	araJ
AraC	xylA
AraC	xylB
ArcA	aceA
ArcA	aceB
ArcA	aceE
ArcA	aceF
ArcA	aceK
ArcA	ackA
ArcA	acnA
ArcA	acnB
ArcA	aldA
ArcA	appA
ArcA	appB
ArcA	appC
ArcA	appX
ArcA	arcZ
ArcA	betA
ArcA	betB
ArcA	betI
ArcA	betT
ArcA	cadA
ArcA	cadB
ArcA	caiA
ArcA	caiB
ArcA	caiC
ArcA	caiD
ArcA	caiE
ArcA	caiT
ArcA	citC
ArcA	citD
ArcA	citE
ArcA	citF
ArcA	citG
ArcA	citX
ArcA	cydA
ArcA	cydB
ArcA	cydC
ArcA	cydD
ArcA	cyoA
ArcA	cyoB
ArcA	cyoC
ArcA	cyoD
ArcA	cyoE
ArcA	dctA
ArcA	dcuC
ArcA	dpiA
ArcA	dpiB
ArcA	fadA
ArcA	fadB
ArcA	fadD
ArcA	fadE
ArcA	fadH
ArcA	fadI
ArcA	fadJ
ArcA	fadL
ArcA	fnr
ArcA	focA
ArcA	fumA
ArcA	fumB
ArcA	fumC
ArcA	gadA
ArcA	gadE
ArcA	gadX
ArcA	gatA
ArcA	gatB
ArcA	gatC
ArcA	gatD
ArcA	gatY
ArcA	gatZ
ArcA	glcA
ArcA	glcB
ArcA	glcD
ArcA	glcE
ArcA	glcF
ArcA	glcG
ArcA	glpA
ArcA	glpB
ArcA	glpC
ArcA	glpD
ArcA	gltA
ArcA	grcA
ArcA	hemA
ArcA	hyaA
ArcA	hyaB
ArcA	hyaC
ArcA	hyaD
ArcA	hyaE
ArcA	hyaF
ArcA	hybA
ArcA	hybB
ArcA	hybC
ArcA	hybD
ArcA	hybE
ArcA	hybF
ArcA	hybG
ArcA	hybO
ArcA	icd
ArcA	iraM
ArcA	lldD
ArcA	lldP
ArcA	lldR
ArcA	lpd
ArcA	mdh
ArcA	moeA
ArcA	moeB
ArcA	ndh
ArcA	nuoA
ArcA	nuoB
ArcA	nuoC
ArcA	nuoE
ArcA	nuoF
ArcA	nuoG
ArcA	nuoH
ArcA	nuoI
ArcA	nuoJ
ArcA	nuoK
ArcA	nuoL
ArcA	nuoM
ArcA	nuoN
ArcA	oppA
ArcA	oppB
ArcA	oppC
ArcA	oppD
ArcA	oppF
ArcA	pflB
ArcA	prfA
ArcA	prmC
ArcA	ptsG
ArcA	puuA
ArcA	puuB
ArcA	puuC
ArcA	puuD
ArcA	puuE
ArcA	puuP
ArcA	puuR
ArcA	rhaT
ArcA	rplB
ArcA	rplC
ArcA	rplD
ArcA	rplP
ArcA	rplV
ArcA	rplW
ArcA	rpmC
ArcA	rpoS
ArcA	rpsC
ArcA	rpsJ
ArcA	rpsQ
ArcA	rpsS
ArcA	rutA
ArcA	rutB
ArcA	rutC
ArcA	rutD
ArcA	rutE
ArcA	rutF
ArcA	rutG
ArcA	sdhA
ArcA	sdhA
ArcA	sdhB
ArcA	sdhB
ArcA	sdhC
ArcA	sdhC
ArcA	sdhD
ArcA	sdhD
ArcA	sodA
ArcA	sroD
ArcA	ssb
ArcA	sucA
ArcA	sucA
ArcA	sucB
ArcA	sucB
ArcA	sucC
ArcA	sucC
ArcA	sucD
ArcA	sucD
ArcA	tpx
ArcA	treB
ArcA	treC
ArcA	ubiA
ArcA	ubiC
ArcA	uvrA
ArcA	xylR
ArcA	ybdN
ArcA	ydeA
ArgP	argO
ArgP	argP
ArgP	dapB
ArgP	dapD
ArgP	dnaA
ArgP	dnaN
ArgP	gdhA
ArgP	lysA
ArgP	lysC
ArgP	lysP
ArgP	nrdA
ArgP	nrdB
ArgP	recF
ArgP	yfaE
ArgR	argA
ArgR	argB
ArgR	argC
ArgR	argD
ArgR	argE
ArgR	argF
ArgR	argG
ArgR	argH
ArgR	argI
ArgR	argR
ArgR	artI
ArgR	artJ
ArgR	artM
ArgR	artP
ArgR	artQ
ArgR	astA
ArgR	astB
ArgR	astC
ArgR	astD
ArgR	astE
ArgR	carA
ArgR	carB
ArgR	gltB
ArgR	gltD
ArgR	gltF
ArgR	hisJ
ArgR	hisM
ArgR	hisP
ArgR	hisQ
ArgR	infB
ArgR	metY
ArgR	nusA
ArgR	pnp
ArgR	rbfA
ArgR	rimP
ArgR	rpsO
ArgR	truB
ArsR	arsB
ArsR	arsC
ArsR	arsR
AscG	ascB
AscG	ascF
AscG	htpG
AscG	prpR
AscG	ybiT
AsnC	asnA
AsnC	asnC
AsnC	mioC
AsnC	mnmG
AtoC	atoA
AtoC	atoB
AtoC	atoD
AtoC	atoE
BaeR	acrD
BaeR	baeR
BaeR	baeS
BaeR	mdtA
BaeR	mdtB
BaeR	mdtC
BaeR	mdtD
BaeR	spy
BasR	csgD
BasR	csgE
BasR	csgF
BasR	csgG
BasR	cspI
BasR	dgkA
BasR	fimB
BasR	hha
BasR	putA
BasR	qseB
BasR	qseC
BasR	tomB
BasR	yrbL
BetI	betA
BetI	betB
BetI	betI
BetI	betT
BirA	bioA
BirA	bioB
BirA	bioC
BirA	bioD
BirA	bioF
BluR	ariR
BluR	ycgZ
BluR	ymgA
BluR	ymgC
BolA	ampC
BolA	dacC
CRP	aaeA
CRP	aaeB
CRP	aaeR
CRP	aaeX
CRP	aceA
CRP	aceB
CRP	aceE
CRP	aceF
CRP	aceK
CRP	acnA
CRP	acnB
CRP	acs
CRP	actP
CRP	aer
CRP	agaA
CRP	agaV
CRP	agaW
CRP	agp
CRP	aldA
CRP	aldB
CRP	ampD
CRP	ampE
CRP	ansB
CRP	araA
CRP	araB
CRP	araC
CRP	araD
CRP	araE
CRP	araF
CRP	araG
CRP	araH
CRP	araJ
CRP	araJ
CRP	arfB
CRP	argG
CRP	aroA
CRP	ascB
CRP	ascF
CRP	aspA
CRP	azuC
CRP	bglB
CRP	bglF
CRP	bglG
CRP	bhsA
CRP	caiA
CRP	caiB
CRP	caiC
CRP	caiD
CRP	caiE
CRP	caiF
CRP	caiT
CRP	cdd
CRP	cdd
CRP	cdd
CRP	chbA
CRP	chbB
CRP	chbC
CRP	chbF
CRP	chbG
CRP	chbR
CRP	cirA
CRP	citC
CRP	citD
CRP	citE
CRP	citF
CRP	citG
CRP	citX
CRP	comR
CRP	cpdB
CRP	crp
CRP	crp
CRP	crr
CRP	crr
CRP	csgD
CRP	csgE
CRP	csgF
CRP	csgG
CRP	csiD
CRP	csiE
CRP	cspE
CRP	cstA
CRP	cyaA
CRP	cyaR
CRP	cyoA
CRP	cyoB
CRP	cyoC
CRP	cyoD
CRP	cyoE
CRP	cysG
CRP	cytR
CRP	dadA
CRP	dadA
CRP	dadX
CRP	dadX
CRP	dctA
CRP	dcuA
CRP	dcuB
CRP	dcuR
CRP	deoA
CRP	deoA
CRP	deoB
CRP	deoB
CRP	deoC
CRP	deoC
CRP	deoD
CRP	deoD
CRP	dksA
CRP	dpiA
CRP	dpiB
CRP	dsdA
CRP	dsdX
CRP	dusB
CRP	dusB
CRP	ebgA
CRP	ebgC
CRP	entA
CRP	entB
CRP	entC
CRP	entD
CRP	entE
CRP	entH
CRP	envZ
CRP	envZ
CRP	epd
CRP	exuT
CRP	fadD
CRP	fadH
CRP	fadL
CRP	fbaA
CRP	feaB
CRP	feaR
CRP	fecA
CRP	fecB
CRP	fecC
CRP	fecD
CRP	fecE
CRP	fepA
CRP	fis
CRP	fis
CRP	fiu
CRP	fixA
CRP	fixB
CRP	fixC
CRP	fixX
CRP	flhC
CRP	flhD
CRP	focA
CRP	focB
CRP	fucA
CRP	fucI
CRP	fucK
CRP	fucO
CRP	fucP
CRP	fucR
CRP	fucU
CRP	fumA
CRP	fumB
CRP	fumC
CRP	fumC
CRP	fur
CRP	gabD
CRP	gabP
CRP	gabT
CRP	gadA
CRP	gadB
CRP	gadC
CRP	gadE
CRP	gadX
CRP	galE
CRP	galE
CRP	galK
CRP	galK
CRP	galM
CRP	galM
CRP	galP
CRP	galS
CRP	galT
CRP	galT
CRP	gapA
CRP	gatA
CRP	gatB
CRP	gatC
CRP	gatD
CRP	gatY
CRP	gatZ
CRP	gcd
CRP	gcvH
CRP	gcvP
CRP	gcvT
CRP	gdhA
CRP	glcC
CRP	glgA
CRP	glgC
CRP	glgP
CRP	glgS
CRP	glnA
CRP	glnA
CRP	glnG
CRP	glnG
CRP	glnL
CRP	glnL
CRP	glpA
CRP	glpB
CRP	glpC
CRP	glpD
CRP	glpE
CRP	glpF
CRP	glpG
CRP	glpK
CRP	glpQ
CRP	glpR
CRP	glpT
CRP	glpX
CRP	gltA
CRP	gltB
CRP	gltD
CRP	gltF
CRP	gntK
CRP	gntP
CRP	gntT
CRP	gntU
CRP	gntX
CRP	grcA
CRP	grpE
CRP	guaA
CRP	guaB
CRP	gutM
CRP	gutQ
CRP	gyrA
CRP	hflC
CRP	hflK
CRP	hflX
CRP	hfq
CRP	hlyE
CRP	hofB
CRP	hofC
CRP	hofM
CRP	hofN
CRP	hofO
CRP	hofP
CRP	hpt
CRP	hupA
CRP	hupB
CRP	hyfA
CRP	hyfB
CRP	hyfC
CRP	hyfD
CRP	hyfE
CRP	hyfF
CRP	hyfG
CRP	hyfH
CRP	hyfI
CRP	hyfJ
CRP	hyfR
CRP	idnD
CRP	idnK
CRP	idnO
CRP	idnR
CRP	idnT
CRP	ilvB
CRP	ilvN
CRP	infB
CRP	ivbL
CRP	kbaZ
CRP	lacA
CRP	lacA
CRP	lacI
CRP	lacY
CRP	lacY
CRP	lacZ
CRP	lacZ
CRP	lamB
CRP	lhgO
CRP	lpd
CRP	lpd
CRP	lsrA
CRP	lsrB
CRP	lsrC
CRP	lsrD
CRP	lsrF
CRP	lsrG
CRP	lsrK
CRP	lsrR
CRP	lyxK
CRP	lyxK
CRP	malE
CRP	malF
CRP	malG
CRP	malI
CRP	malI
CRP	malK
CRP	malM
CRP	malS
CRP	malT
CRP	malX
CRP	malY
CRP	manA
CRP	manA
CRP	manX
CRP	manY
CRP	manZ
CRP	marA
CRP	marB
CRP	marR
CRP	mazE
CRP	mazF
CRP	mcaS
CRP	mdh
CRP	mdtE
CRP	mdtF
CRP	melA
CRP	melB
CRP	melR
CRP	metK
CRP	metY
CRP	mglA
CRP	mglB
CRP	mglC
CRP	mhpA
CRP	mhpB
CRP	mhpC
CRP	mhpD
CRP	mhpE
CRP	mhpF
CRP	mhpR
CRP	mlc
CRP	mlc
CRP	modA
CRP	modB
CRP	modC
CRP	mpl
CRP	mtlA
CRP	mtlD
CRP	mtlR
CRP	murP
CRP	murQ
CRP	nadC
CRP	nagA
CRP	nagB
CRP	nagC
CRP	nagE
CRP	nanA
CRP	nanC
CRP	nanE
CRP	nanK
CRP	nanM
CRP	nanS
CRP	nanT
CRP	narQ
CRP	nfuA
CRP	nirB
CRP	nirC
CRP	nirD
CRP	nlpE
CRP	nmpC
CRP	nrdA
CRP	nrdB
CRP	nupC
CRP	nupG
CRP	nupG
CRP	nupG
CRP	nusA
CRP	ompA
CRP	ompF
CRP	ompR
CRP	ompR
CRP	osmY
CRP	oxyR
CRP	paaA
CRP	paaB
CRP	paaC
CRP	paaD
CRP	paaE
CRP	paaF
CRP	paaG
CRP	paaH
CRP	paaI
CRP	paaJ
CRP	paaK
CRP	paaZ
CRP	pdhR
CRP	pflB
CRP	pgk
CRP	pka
CRP	pncB
CRP	pnp
CRP	ppdD
CRP	ppiA
CRP	ppiA
CRP	preA
CRP	preT
CRP	priB
CRP	proP
CRP	proP
CRP	prpB
CRP	prpC
CRP	prpD
CRP	prpE
CRP	prpR
CRP	psiE
CRP	ptsG
CRP	ptsH
CRP	ptsH
CRP	ptsI
CRP	ptsI
CRP	putP
CRP	puuB
CRP	puuC
CRP	puuD
CRP	puuE
CRP	puuR
CRP	raiA
CRP	rbfA
CRP	rbsA
CRP	rbsB
CRP	rbsC
CRP	rbsD
CRP	rbsK
CRP	rbsR
CRP	relA
CRP	rhaA
CRP	rhaB
CRP	rhaD
CRP	rhaR
CRP	rhaS
CRP	rhaT
CRP	rimP
CRP	rmf
CRP	rof
CRP	rplI
CRP	rplM
CRP	rpoH
CRP	rpoH
CRP	rpoH
CRP	rpoS
CRP	rpsF
CRP	rpsI
CRP	rpsO
CRP	rpsR
CRP	sbmC
CRP	sdhA
CRP	sdhB
CRP	sdhC
CRP	sdhD
CRP	serA
CRP	serC
CRP	sfsA
CRP	sgbE
CRP	sgbE
CRP	sgbH
CRP	sgbH
CRP	sgbU
CRP	sgbU
CRP	sodA
CRP	sodB
CRP	sohB
CRP	speC
CRP	spf
CRP	srlA
CRP	srlB
CRP	srlD
CRP	srlE
CRP	srlR
CRP	sroD
CRP	sucA
CRP	sucB
CRP	sucC
CRP	sucD
CRP	tam
CRP	tdcA
CRP	tdcB
CRP	tdcC
CRP	tdcD
CRP	tdcE
CRP	tdcF
CRP	tdcG
CRP	tnaA
CRP	tnaB
CRP	tnaC
CRP	treB
CRP	treB
CRP	treC
CRP	treC
CRP	trg
CRP	truB
CRP	trxA
CRP	tsx
CRP	ubiG
CRP	udp
CRP	udp
CRP	ugpA
CRP	ugpB
CRP	ugpC
CRP	ugpE
CRP	ugpQ
CRP	uhpT
CRP	uidA
CRP	uidB
CRP	uidC
CRP	ulaA
CRP	ulaB
CRP	ulaC
CRP	ulaD
CRP	ulaE
CRP	ulaF
CRP	umpH
CRP	uxaA
CRP	uxaB
CRP	uxaC
CRP	uxuA
CRP	uxuB
CRP	uxuR
CRP	xseA
CRP	xylA
CRP	xylB
CRP	xylF
CRP	xylG
CRP	xylH
CRP	xylR
CRP	yaeP
CRP	yaeQ
CRP	ybiS
CRP	ybiT
CRP	ycdZ
CRP	ycdZ
CRP	ychH
CRP	yeiP
CRP	yeiW
CRP	yfaE
CRP	yhcH
CRP	yhfA
CRP	yhfA
CRP	yiaJ
CRP	yiaK
CRP	yiaK
CRP	yiaL
CRP	yiaL
CRP	yiaM
CRP	yiaM
CRP	yiaN
CRP	yiaN
CRP	yiaO
CRP	yiaO
CRP	yjcH
CRP	yjiY
CRP	ykgR
CRP	ynfK
CRP	zraR
CRP	zraS
CadC	cadA
CadC	cadB
CadC	cadC
CaiF	caiA
CaiF	caiB
CaiF	caiC
CaiF	caiD
CaiF	caiE
CaiF	caiT
CaiF	fixA
CaiF	fixB
CaiF	fixC
CaiF	fixX
Cbl	ssuA
Cbl	ssuB
Cbl	ssuC
Cbl	ssuD
Cbl	ssuE
Cbl	tauA
Cbl	tauB
Cbl	tauC
Cbl	tauD
CdaR	cdaR
CdaR	garD
CdaR	garK
CdaR	garL
CdaR	garP
CdaR	garR
CdaR	gudD
CdaR	gudP
CdaR	gudX
CdaR	rnpB
ChbR	chbA
ChbR	chbB
ChbR	chbC
ChbR	chbF
ChbR	chbG
ChbR	chbR
ComR	bhsA
CpxR	acrD
CpxR	aroG
CpxR	bacA
CpxR	baeR
CpxR	baeS
CpxR	bamE
CpxR	cheA
CpxR	cheW
CpxR	cpxA
CpxR	cpxP
CpxR	cpxR
CpxR	csgA
CpxR	csgB
CpxR	csgC
CpxR	csgD
CpxR	csgE
CpxR	csgF
CpxR	csgG
CpxR	degP
CpxR	dgcZ
CpxR	dsbA
CpxR	dsbC
CpxR	efeU_1
CpxR	efeU_2
CpxR	fabZ
CpxR	ftnB
CpxR	hha
CpxR	hlpA
CpxR	lpxA
CpxR	lpxD
CpxR	mdtA
CpxR	mdtB
CpxR	mdtC
CpxR	mdtD
CpxR	motA
CpxR	motB
CpxR	mscM
CpxR	mzrA
CpxR	ompC
CpxR	ompF
CpxR	ppiA
CpxR	ppiD
CpxR	psd
CpxR	rdoA
CpxR	rpoE
CpxR	rpoH
CpxR	rseA
CpxR	rseB
CpxR	rseC
CpxR	sbmA
CpxR	slt
CpxR	spy
CpxR	tomB
CpxR	tsr
CpxR	ung
CpxR	yaiW
CpxR	yccA
CpxR	ycfS
CpxR	yebE
CpxR	ygaU
CpxR	yidQ
CpxR	yqaE
CpxR	yqjA
Cra	aceA
Cra	aceB
Cra	aceE
Cra	aceF
Cra	aceK
Cra	acnA
Cra	acnB
Cra	adhE
Cra	aroP
Cra	betA
Cra	betB
Cra	betI
Cra	betT
Cra	crr
Cra	crr
Cra	csgD
Cra	csgE
Cra	csgF
Cra	csgG
Cra	cydA
Cra	cydB
Cra	cyoA
Cra	cyoB
Cra	cyoC
Cra	cyoD
Cra	cyoE
Cra	cysG
Cra	eda
Cra	edd
Cra	eno
Cra	envC
Cra	epd
Cra	fbaA
Cra	fbaB
Cra	fruA
Cra	fruB
Cra	fruK
Cra	gapA
Cra	glcC
Cra	glk
Cra	gpmM
Cra	hypF
Cra	icd
Cra	lpd
Cra	manX
Cra	manY
Cra	manZ
Cra	marA
Cra	marB
Cra	marR
Cra	mpl
Cra	mtlA
Cra	mtlD
Cra	mtlR
Cra	nirB
Cra	nirC
Cra	nirD
Cra	pck
Cra	pdhR
Cra	pfkA
Cra	pgk
Cra	poxB
Cra	ppc
Cra	ppsA
Cra	prpB
Cra	prpC
Cra	prpD
Cra	prpE
Cra	ptsH
Cra	ptsH
Cra	ptsI
Cra	ptsI
Cra	pykF
Cra	setA
Cra	sgrS
Cra	sgrT
Cra	tpiA
Cra	yahA
Cra	yeaD
Cra	yibQ
Cra	zwf
CreB	creD
CreB	malE
CreB	malF
CreB	malG
CreB	talA
CsgD	adrA
CsgD	csgA
CsgD	csgB
CsgD	csgC
CsgD	csgD
CsgD	csgD
CsgD	csgE
CsgD	csgE
CsgD	csgF
CsgD	csgF
CsgD	csgG
CsgD	csgG
CsgD	fliE
CsgD	fliF
CsgD	fliG
CsgD	fliH
CsgD	fliI
CsgD	fliJ
CsgD	fliK
CsgD	iraP
CsgD	nlpA
CsgD	pepD
CsgD	wrbA
CsgD	yccJ
CsgD	yccT
CsgD	yhbS
CsgD	yhbT
CsiR	csiD
CsiR	gabD
CsiR	gabP
CsiR	gabT
CsiR	lhgO
CspA	gyrA
CspA	hns
CueR	copA
CueR	cueO
CueR	moaA
CueR	moaB
CueR	moaC
CueR	moaD
CueR	moaE
CusR	cusA
CusR	cusB
CusR	cusC
CusR	cusF
CusR	cusR
CusR	cusS
CynR	cynR
CynR	cynS
CynR	cynT
CynR	cynX
CysB	cbl
CysB	cysA
CysB	cysB
CysB	cysC
CysB	cysD
CysB	cysH
CysB	cysI
CysB	cysJ
CysB	cysK
CysB	cysM
CysB	cysN
CysB	cysP
CysB	cysU
CysB	cysW
CysB	hslJ
CysB	ssuA
CysB	ssuB
CysB	ssuC
CysB	ssuD
CysB	ssuE
CysB	tauA
CysB	tauB
CysB	tauC
CysB	tauD
CytR	cdd
CytR	cytR
CytR	deoA
CytR	deoB
CytR	deoC
CytR	deoD
CytR	nupC
CytR	nupG
CytR	ppiA
CytR	rpoH
CytR	tsx
CytR	udp
CytR	ycdZ
Dan	ttdA
Dan	ttdB
Dan	ttdR
Dan	ttdT
DcuR	dctA
DcuR	dcuB
DcuR	dpiA
DcuR	dpiB
DcuR	frdA
DcuR	frdB
DcuR	frdC
DcuR	frdD
DcuR	fumB
DeoR	deoA
DeoR	deoB
DeoR	deoC
DeoR	deoD
DeoR	nupG
DeoR	tsx
DhaR	dhaK
DhaR	dhaL
DhaR	dhaM
DhaR	dhaR
DicA	dicB
DicA	dicC
DicA	insD
DicA	intQ
DicA	ydfD
DicA	ydfE
DicA	ydfW
DicA	ydfX
DinJ-YafQ	cspE
DinJ-YafQ	dinJ
DinJ-YafQ	yafQ
DnaA	aldA
DnaA	dnaA
DnaA	dnaA
DnaA	dnaN
DnaA	dnaN
DnaA	guaA
DnaA	guaB
DnaA	nrdA
DnaA	nrdA
DnaA	nrdB
DnaA	nrdB
DnaA	polA
DnaA	recF
DnaA	recF
DnaA	rpoH
DnaA	yfaE
DnaA	yfaE
DnaA	yjeV
DpiA	appY
DpiA	citC
DpiA	citD
DpiA	citE
DpiA	citF
DpiA	citG
DpiA	citX
DpiA	dpiA
DpiA	dpiB
DpiA	exuT
DpiA	mdh
DsdC	dsdA
DsdC	dsdC
DsdC	dsdX
EbgR	ebgA
EbgR	ebgC
EnvR	acrA
EnvR	acrB
EnvY	ompC
EnvY	ompF
EvgA	acrD
EvgA	emrK
EvgA	emrY
EvgA	evgA
EvgA	evgS
EvgA	frc
EvgA	gadE
EvgA	mdtE
EvgA	mdtF
EvgA	oxc
EvgA	safA
EvgA	ydeO
EvgA	ydeP
EvgA	yegR
EvgA	yegZ
EvgA	yfdE
EvgA	yfdV
EvgA	yfdX
ExuR	exuR
ExuR	exuT
ExuR	uxaA
ExuR	uxaB
ExuR	uxaC
ExuR	uxuA
ExuR	uxuB
ExuR	uxuR
FNR	aceE
FNR	aceE
FNR	aceF
FNR	aceF
FNR	ackA
FNR	acnA
FNR	acrE
FNR	acrF
FNR	adhE
FNR	aer
FNR	aldA
FNR	amtB
FNR	ansB
FNR	arcA
FNR	arcA
FNR	aspA
FNR	aspC
FNR	bcsB
FNR	bcsZ
FNR	cadC
FNR	caiA
FNR	caiB
FNR	caiC
FNR	caiD
FNR	caiE
FNR	caiF
FNR	caiT
FNR	ccmA
FNR	ccmB
FNR	ccmC
FNR	ccmD
FNR	ccmE
FNR	ccmF
FNR	ccmG
FNR	ccmH
FNR	cheB
FNR	cheR
FNR	cheY
FNR	cheZ
FNR	citC
FNR	citD
FNR	citE
FNR	citF
FNR	citG
FNR	citX
FNR	cydA
FNR	cydA
FNR	cydB
FNR	cydB
FNR	cydC
FNR	cydD
FNR	cyoA
FNR	cyoB
FNR	cyoC
FNR	cyoD
FNR	cyoE
FNR	cysG
FNR	dcuA
FNR	dcuB
FNR	dcuC
FNR	dcuR
FNR	dcuS
FNR	dmsA
FNR	dmsB
FNR	dmsC
FNR	dmsD
FNR	dpiA
FNR	dpiB
FNR	dppA
FNR	dppB
FNR	dppC
FNR	dppD
FNR	dppF
FNR	emrK
FNR	emrY
FNR	entF
FNR	fdhF
FNR	fdnG
FNR	fdnG
FNR	fdnH
FNR	fdnH
FNR	fdnI
FNR	fdnI
FNR	feoA
FNR	feoB
FNR	feoC
FNR	fepE
FNR	fes
FNR	fhlA
FNR	fixA
FNR	fixB
FNR	fixC
FNR	fixX
FNR	fnr
FNR	fnrS
FNR	focA
FNR	focB
FNR	frdA
FNR	frdB
FNR	frdC
FNR	frdD
FNR	fumA
FNR	fumB
FNR	fumC
FNR	gadA
FNR	gadW
FNR	gadX
FNR	garK
FNR	garL
FNR	garP
FNR	garR
FNR	gcvH
FNR	gcvP
FNR	gcvT
FNR	gdhA
FNR	glnD
FNR	glnK
FNR	glpA
FNR	glpB
FNR	glpC
FNR	glpQ
FNR	glpT
FNR	gltB
FNR	gltD
FNR	gltF
FNR	gnd
FNR	grcA
FNR	grcA
FNR	hcp
FNR	hcr
FNR	hemA
FNR	hlyE
FNR	hmp
FNR	hyfA
FNR	hyfB
FNR	hyfC
FNR	hyfD
FNR	hyfE
FNR	hyfF
FNR	hyfG
FNR	hyfH
FNR	hyfI
FNR	hyfJ
FNR	hyfR
FNR	hypB
FNR	hypC
FNR	hypD
FNR	hypE
FNR	iraD
FNR	iraM
FNR	katG
FNR	lpd
FNR	malP
FNR	malQ
FNR	moaA
FNR	moaB
FNR	moaC
FNR	moaD
FNR	moaE
FNR	moeA
FNR	moeB
FNR	nac
FNR	napA
FNR	napB
FNR	napC
FNR	napD
FNR	napF
FNR	napG
FNR	napH
FNR	narG
FNR	narH
FNR	narI
FNR	narJ
FNR	narK
FNR	narL
FNR	narX
FNR	ndh
FNR	nikA
FNR	nikB
FNR	nikC
FNR	nikD
FNR	nikE
FNR	nikR
FNR	nirB
FNR	nirC
FNR	nirD
FNR	norV
FNR	norW
FNR	nrdD
FNR	nrdG
FNR	nrfA
FNR	nrfB
FNR	nrfC
FNR	nrfD
FNR	nrfE
FNR	nrfF
FNR	nrfG
FNR	nuoA
FNR	nuoB
FNR	nuoC
FNR	nuoE
FNR	nuoF
FNR	nuoG
FNR	nuoH
FNR	nuoI
FNR	nuoJ
FNR	nuoK
FNR	nuoL
FNR	nuoM
FNR	nuoN
FNR	ompW
FNR	ompX
FNR	pdhR
FNR	pepT
FNR	pflB
FNR	pheM
FNR	phoU
FNR	pitA
FNR	prfA
FNR	prmC
FNR	pstA
FNR	pstB
FNR	pstC
FNR	pstS
FNR	purM
FNR	purN
FNR	puuA
FNR	puuP
FNR	rimM
FNR	rnpB
FNR	rplB
FNR	rplC
FNR	rplD
FNR	rplM
FNR	rplP
FNR	rplS
FNR	rplT
FNR	rplV
FNR	rplW
FNR	rpmC
FNR	rpsC
FNR	rpsI
FNR	rpsJ
FNR	rpsP
FNR	rpsQ
FNR	rpsS
FNR	sdhA
FNR	sdhB
FNR	sdhC
FNR	sdhD
FNR	sodA
FNR	soxR
FNR	soxS
FNR	ssuA
FNR	ssuB
FNR	ssuC
FNR	ssuD
FNR	ssuE
FNR	sucA
FNR	sucB
FNR	sucC
FNR	sucD
FNR	tap
FNR	tar
FNR	tdcA
FNR	tdcB
FNR	tdcC
FNR	tdcD
FNR	tdcE
FNR	tdcF
FNR	tdcG
FNR	tpx
FNR	trmD
FNR	ubiA
FNR	ubiC
FNR	upp
FNR	uraA
FNR	uxaA
FNR	uxaC
FNR	xdhA
FNR	xdhB
FNR	xdhC
FNR	ybdN
FNR	ybdZ
FNR	ychO
FNR	ydeJ
FNR	ydhT
FNR	ydhU
FNR	ydhV
FNR	ydhW
FNR	ydhX
FNR	ydhY
FNR	yecR
FNR	yeiL
FNR	yfgF
FNR	ygbA
FNR	yhjA
FNR	ynfE
FNR	ynfF
FNR	ynfG
FNR	ynfH
FNR	yqjI
FNR	ysgA
FNR	ytfE
FNR	zwf
FabR	fabA
FabR	fabB
FadR	fabA
FadR	fabB
FadR	fabD
FadR	fabG
FadR	fabH
FadR	fadA
FadR	fadB
FadR	fadD
FadR	fadE
FadR	fadH
FadR	fadI
FadR	fadJ
FadR	fadL
FadR	fadM
FadR	fadR
FadR	iclR
FadR	sroD
FadR	uspA
FeaR	feaB
FeaR	tynA
FhlA	fdhF
FhlA	fhlA
FhlA	focB
FhlA	hycA
FhlA	hycB
FhlA	hycC
FhlA	hycD
FhlA	hycE
FhlA	hycF
FhlA	hycG
FhlA	hycH
FhlA	hycI
FhlA	hydN
FhlA	hyfA
FhlA	hyfB
FhlA	hyfC
FhlA	hyfD
FhlA	hyfE
FhlA	hyfF
FhlA	hyfG
FhlA	hyfH
FhlA	hyfI
FhlA	hyfJ
FhlA	hyfR
FhlA	hypA
FhlA	hypB
FhlA	hypC
FhlA	hypD
FhlA	hypE
FhlA	hypF
Fis	acnB
Fis	acs
Fis	actP
Fis	adhE
Fis	alaT
Fis	alaU
Fis	alaV
Fis	alaW
Fis	alaX
Fis	aldB
Fis	ansB
Fis	apaG
Fis	apaH
Fis	argU
Fis	argW
Fis	argX
Fis	aspV
Fis	bglB
Fis	bglF
Fis	bglG
Fis	carA
Fis	carB
Fis	cbpA
Fis	cbpM
Fis	crp
Fis	cspI
Fis	cysG
Fis	deoA
Fis	deoB
Fis	deoC
Fis	deoD
Fis	dmsA
Fis	dmsB
Fis	dmsC
Fis	dps
Fis	dusB
Fis	fadA
Fis	fadB
Fis	fau
Fis	fau
Fis	fis
Fis	flxA
Fis	fumB
Fis	gadA
Fis	gadB
Fis	gadC
Fis	gadX
Fis	glcC
Fis	glnA
Fis	glnG
Fis	glnL
Fis	glnQ
Fis	glnU
Fis	glnV
Fis	glnW
Fis	glnX
Fis	glpA
Fis	glpB
Fis	glpC
Fis	glpQ
Fis	glpT
Fis	gltT
Fis	gltU
Fis	gltV
Fis	gltW
Fis	gltX
Fis	glyT
Fis	glyU
Fis	grcA
Fis	guaA
Fis	guaB
Fis	gyrA
Fis	gyrB
Fis	hisR
Fis	hlyE
Fis	hns
Fis	hupA
Fis	hupB
Fis	hyaA
Fis	hyaB
Fis	hyaC
Fis	hyaD
Fis	hyaE
Fis	hyaF
Fis	ileT
Fis	ileU
Fis	ileV
Fis	infB
Fis	katE
Fis	leuP
Fis	leuQ
Fis	leuT
Fis	leuV
Fis	leuW
Fis	leuX
Fis	lpd
Fis	lysT
Fis	lysV
Fis	lysW
Fis	malE
Fis	malF
Fis	malG
Fis	marA
Fis	marB
Fis	marR
Fis	mazE
Fis	mazF
Fis	mazG
Fis	metT
Fis	metU
Fis	metY
Fis	mglA
Fis	mglC
Fis	msrA
Fis	mtlA
Fis	mtlD
Fis	mtlR
Fis	nanA
Fis	nanE
Fis	nanK
Fis	nanT
Fis	narG
Fis	narH
Fis	narI
Fis	narJ
Fis	narK
Fis	ndh
Fis	ndh
Fis	nirB
Fis	nirC
Fis	nirD
Fis	nrdA
Fis	nrdB
Fis	nrfA
Fis	nrfB
Fis	nrfC
Fis	nrfD
Fis	nrfE
Fis	nrfF
Fis	nrfG
Fis	nuoA
Fis	nuoB
Fis	nuoC
Fis	nuoE
Fis	nuoF
Fis	nuoG
Fis	nuoH
Fis	nuoI
Fis	nuoJ
Fis	nuoK
Fis	nuoL
Fis	nuoM
Fis	nuoN
Fis	nusA
Fis	ogt
Fis	osmE
Fis	osmY
Fis	patA
Fis	pdxA
Fis	pflB
Fis	pheU
Fis	pheV
Fis	pnp
Fis	proK
Fis	proL
Fis	proM
Fis	proP
Fis	ptsG
Fis	ptsG
Fis	pyrD
Fis	queA
Fis	rbfA
Fis	rimP
Fis	rnpB
Fis	rnpB
Fis	rplM
Fis	rpsI
Fis	rpsO
Fis	rrfA
Fis	rrfB
Fis	rrfC
Fis	rrfD
Fis	rrfE
Fis	rrfF
Fis	rrfG
Fis	rrfH
Fis	rrlA
Fis	rrlB
Fis	rrlC
Fis	rrlD
Fis	rrlE
Fis	rrlG
Fis	rrlH
Fis	rrsA
Fis	rrsB
Fis	rrsC
Fis	rrsD
Fis	rrsE
Fis	rrsG
Fis	rrsH
Fis	rsmA
Fis	serT
Fis	serX
Fis	sra
Fis	ssrS
Fis	ssrS
Fis	thrT
Fis	thrU
Fis	thrV
Fis	thrW
Fis	topA
Fis	topA
Fis	tpr
Fis	trg
Fis	trmA
Fis	truB
Fis	tufB
Fis	tyrT
Fis	tyrU
Fis	tyrV
Fis	valT
Fis	valU
Fis	valX
Fis	valY
Fis	xylF
Fis	xylG
Fis	xylH
Fis	xylR
Fis	yeaR
Fis	yfaE
Fis	yhcH
Fis	yjcH
Fis	yoaG
FlhDC	ccmA
FlhDC	ccmB
FlhDC	ccmC
FlhDC	ccmD
FlhDC	ccmE
FlhDC	ccmF
FlhDC	ccmG
FlhDC	ccmH
FlhDC	flgA
FlhDC	flgB
FlhDC	flgC
FlhDC	flgD
FlhDC	flgE
FlhDC	flgF
FlhDC	flgG
FlhDC	flgH
FlhDC	flgI
FlhDC	flgJ
FlhDC	flgM
FlhDC	flgN
FlhDC	flhA
FlhDC	flhB
FlhDC	flhE
FlhDC	fliA
FlhDC	fliD
FlhDC	fliE
FlhDC	fliF
FlhDC	fliG
FlhDC	fliH
FlhDC	fliI
FlhDC	fliJ
FlhDC	fliK
FlhDC	fliL
FlhDC	fliM
FlhDC	fliN
FlhDC	fliO
FlhDC	fliP
FlhDC	fliQ
FlhDC	fliR
FlhDC	fliS
FlhDC	fliT
FlhDC	fliY
FlhDC	fliZ
FlhDC	glpA
FlhDC	glpB
FlhDC	glpC
FlhDC	gltI
FlhDC	gltJ
FlhDC	gltK
FlhDC	gltL
FlhDC	hydN
FlhDC	hypF
FlhDC	mdh
FlhDC	mglA
FlhDC	mglB
FlhDC	mglC
FlhDC	napA
FlhDC	napB
FlhDC	napC
FlhDC	napD
FlhDC	napF
FlhDC	napG
FlhDC	napH
FlhDC	nrfA
FlhDC	nrfB
FlhDC	nrfC
FlhDC	nrfD
FlhDC	nrfE
FlhDC	nrfF
FlhDC	nrfG
FlhDC	ppdA
FlhDC	ppdB
FlhDC	ppdC
FlhDC	recC
FlhDC	sroC
FlhDC	ycgR
FlhDC	yecR
FlhDC	ygbK
FlhDC	ygdB
FlhDC	yhjH
FliZ	csgA
FliZ	csgB
FliZ	csgC
FliZ	csgD
FliZ	csgE
FliZ	csgF
FliZ	csgG
FliZ	flhC
FliZ	flhD
FliZ	gadB
FliZ	gadC
FliZ	gadE
FliZ	gmr
FliZ	hdeA
FliZ	hdeB
FliZ	mdtE
FliZ	mdtF
FliZ	mlrA
FliZ	osmY
FliZ	yhiD
FucR	fucA
FucR	fucI
FucR	fucK
FucR	fucO
FucR	fucP
FucR	fucR
FucR	fucU
Fur	amtB
Fur	aspC
Fur	cirA
Fur	cyoA
Fur	cyoB
Fur	cyoC
Fur	cyoD
Fur	cyoE
Fur	entA
Fur	entB
Fur	entC
Fur	entD
Fur	entE
Fur	entF
Fur	entH
Fur	entS
Fur	exbB
Fur	exbD
Fur	fecA
Fur	fecB
Fur	fecC
Fur	fecD
Fur	fecE
Fur	fecI
Fur	fecR
Fur	feoA
Fur	feoB
Fur	feoC
Fur	fepA
Fur	fepB
Fur	fepC
Fur	fepD
Fur	fepE
Fur	fepG
Fur	fes
Fur	fhuA
Fur	fhuB
Fur	fhuC
Fur	fhuD
Fur	fhuE
Fur	fhuF
Fur	fiu
Fur	flhC
Fur	flhD
Fur	fnr
Fur	ftnA
Fur	fumB
Fur	fumC
Fur	fur
Fur	garK
Fur	garL
Fur	garP
Fur	garR
Fur	gdhA
Fur	glnD
Fur	glnK
Fur	gltB
Fur	gltD
Fur	gltF
Fur	gnd
Fur	gpmA
Fur	grcA
Fur	gspC
Fur	gspD
Fur	gspE
Fur	gspF
Fur	gspG
Fur	gspH
Fur	gspI
Fur	gspJ
Fur	gspK
Fur	gspL
Fur	gspM
Fur	gspO
Fur	hmp
Fur	katE
Fur	katG
Fur	lpd
Fur	metH
Fur	metJ
Fur	mntH
Fur	mntP
Fur	nac
Fur	ndh
Fur	nohA
Fur	nrdE
Fur	nrdF
Fur	nrdH
Fur	nrdI
Fur	ompF
Fur	oppA
Fur	oppB
Fur	oppC
Fur	oppD
Fur	oppF
Fur	purR
Fur	pyrC
Fur	rcnA
Fur	rcnB
Fur	rnpB
Fur	rpoS
Fur	ryhB
Fur	sdhA
Fur	sdhB
Fur	sdhC
Fur	sdhD
Fur	sodA
Fur	soxR
Fur	soxS
Fur	sucA
Fur	sucB
Fur	sucC
Fur	sucD
Fur	sufA
Fur	sufB
Fur	sufC
Fur	sufD
Fur	sufE
Fur	sufS
Fur	tfaQ
Fur	tonB
Fur	tonB
Fur	ybdZ
Fur	ydfN
Fur	ygaC
Fur	yhhY
Fur	yjjZ
Fur	yqjH
Fur	zinT
Fur	zwf
GadE	cyoA
GadE	cyoB
GadE	cyoC
GadE	cyoD
GadE	cyoE
GadE	fabZ
GadE	fliC
GadE	gadB
GadE	gadC
GadE	gadE
GadE	gadW
GadE	gadX
GadE	gltB
GadE	gltD
GadE	gltF
GadE	gnd
GadE	hdeA
GadE	hdeB
GadE	hdeD
GadE	hlpA
GadE	lpxA
GadE	lpxD
GadE	lrp
GadE	mdtE
GadE	mdtF
GadE	purA
GadE	rcsA
GadE	yhiD
GadE-RcsB	adiC
GadE-RcsB	aslB
GadE-RcsB	cadA
GadE-RcsB	cadB
GadE-RcsB	dctR
GadE-RcsB	gadA
GadE-RcsB	gadX
GadE-RcsB	slp
GadE-RcsB	yhiM
GadW	dctR
GadW	gadA
GadW	gadB
GadW	gadC
GadW	gadE
GadW	gadW
GadW	gadX
GadW	gadX
GadW	gadY
GadW	hdeA
GadW	hdeB
GadW	mdtE
GadW	mdtF
GadW	slp
GadW	yhiD
GadX	amtB
GadX	asnB
GadX	btuB
GadX	cadA
GadX	cadB
GadX	dctR
GadX	gadA
GadX	gadB
GadX	gadC
GadX	gadE
GadX	gadW
GadX	gadW
GadX	gadX
GadX	gadY
GadX	glnK
GadX	hdeA
GadX	hdeB
GadX	hdeD
GadX	hns
GadX	lon
GadX	mdtE
GadX	mdtF
GadX	murI
GadX	rpoS
GadX	slp
GadX	uspE
GadX	ybaS
GadX	ybaT
GadX	yhiD
GalR	galE
GalR	galE
GalR	galK
GalR	galK
GalR	galM
GalR	galM
GalR	galP
GalR	galR
GalR	galS
GalR	galT
GalR	galT
GalR	mglA
GalR	mglB
GalR	mglC
GalS	galE
GalS	galE
GalS	galK
GalS	galK
GalS	galM
GalS	galM
GalS	galP
GalS	galR
GalS	galS
GalS	galT
GalS	galT
GalS	mglA
GalS	mglB
GalS	mglC
GatR	gatA
GatR	gatB
GatR	gatC
GatR	gatD
GatR	gatY
GatR	gatZ
GcvA	gcvA
GcvA	gcvB
GcvA	gcvH
GcvA	gcvH
GcvA	gcvP
GcvA	gcvP
GcvA	gcvT
GcvA	gcvT
GlcC	glcA
GlcC	glcB
GlcC	glcC
GlcC	glcD
GlcC	glcE
GlcC	glcF
GlcC	glcG
GlpR	glpA
GlpR	glpB
GlpR	glpC
GlpR	glpD
GlpR	glpF
GlpR	glpK
GlpR	glpQ
GlpR	glpT
GlpR	glpX
GlrR	glmY
GntR	eda
GntR	edd
GntR	gntK
GntR	gntT
GntR	gntU
GntR	gntX
GntR	idnD
GntR	idnK
GntR	idnO
GntR	idnR
GntR	idnT
GntR	nfuA
GutM	gutM
GutM	gutQ
GutM	srlA
GutM	srlB
GutM	srlD
GutM	srlE
GutM	srlR
GutR	gutM
GutR	gutQ
GutR	srlA
GutR	srlB
GutR	srlD
GutR	srlE
GutR	srlR
H-NS	acrE
H-NS	acrF
H-NS	adeD
H-NS	adiA
H-NS	adiY
H-NS	alaU
H-NS	alaV
H-NS	appY
H-NS	asr
H-NS	bglB
H-NS	bglF
H-NS	bglG
H-NS	bglJ
H-NS	bolA
H-NS	cadA
H-NS	cadB
H-NS	cadC
H-NS	caiA
H-NS	caiB
H-NS	caiC
H-NS	caiD
H-NS	caiE
H-NS	caiF
H-NS	caiT
H-NS	cas1
H-NS	cas2
H-NS	casA
H-NS	casB
H-NS	casC
H-NS	casD
H-NS	casE
H-NS	chiA
H-NS	csiD
H-NS	csiE
H-NS	cspD
H-NS	cydA
H-NS	cydB
H-NS	cysA
H-NS	cysG
H-NS	cysM
H-NS	cysP
H-NS	cysU
H-NS	cysW
H-NS	dctR
H-NS	degP
H-NS	dps
H-NS	entF
H-NS	evgA
H-NS	evgS
H-NS	fau
H-NS	fepE
H-NS	fes
H-NS	fimA
H-NS	fimB
H-NS	fimC
H-NS	fimD
H-NS	fimE
H-NS	fimF
H-NS	fimG
H-NS	fimH
H-NS	fimI
H-NS	flhC
H-NS	flhD
H-NS	fliA
H-NS	fliC
H-NS	fliY
H-NS	fliZ
H-NS	ftnA
H-NS	gabD
H-NS	gabP
H-NS	gabT
H-NS	gadA
H-NS	gadE
H-NS	gadW
H-NS	gadX
H-NS	galE
H-NS	galK
H-NS	galM
H-NS	galT
H-NS	garK
H-NS	garL
H-NS	garP
H-NS	garR
H-NS	gltT
H-NS	gltU
H-NS	gltW
H-NS	gspA
H-NS	gspB
H-NS	gspC
H-NS	gspD
H-NS	gspE
H-NS	gspF
H-NS	gspG
H-NS	gspH
H-NS	gspI
H-NS	gspJ
H-NS	gspK
H-NS	gspL
H-NS	gspM
H-NS	gspO
H-NS	gutM
H-NS	gutQ
H-NS	hchA
H-NS	hdeA
H-NS	hdeB
H-NS	hdeD
H-NS	hdfR
H-NS	hisJ
H-NS	hisM
H-NS	hisP
H-NS	hisQ
H-NS	hlyE
H-NS	hns
H-NS	ileU
H-NS	ileV
H-NS	ilvH
H-NS	ilvI
H-NS	lacA
H-NS	lacY
H-NS	lacZ
H-NS	leuO
H-NS	lhgO
H-NS	lrp
H-NS	mazE
H-NS	mazF
H-NS	mdtE
H-NS	mdtF
H-NS	micF
H-NS	mukB
H-NS	mukE
H-NS	mukF
H-NS	nhaA
H-NS	nhaR
H-NS	nirB
H-NS	nirC
H-NS	nirD
H-NS	nrdA
H-NS	nrdB
H-NS	nrdD
H-NS	nrdG
H-NS	osmC
H-NS	proV
H-NS	proW
H-NS	proX
H-NS	rcsA
H-NS	rcsB
H-NS	rcsD
H-NS	relA
H-NS	rnpB
H-NS	rrfB
H-NS	rrfC
H-NS	rrfD
H-NS	rrfF
H-NS	rrfG
H-NS	rrfH
H-NS	rrlB
H-NS	rrlC
H-NS	rrlD
H-NS	rrlG
H-NS	rrlH
H-NS	rrsB
H-NS	rrsC
H-NS	rrsD
H-NS	rrsG
H-NS	rrsH
H-NS	slp
H-NS	smtA
H-NS	srlA
H-NS	srlB
H-NS	srlD
H-NS	srlE
H-NS	srlR
H-NS	ssrS
H-NS	stpA
H-NS	thrV
H-NS	ybdZ
H-NS	yciE
H-NS	yciF
H-NS	yciG
H-NS	ydeO
H-NS	ydeP
H-NS	yfaE
H-NS	yhiD
H-NS	yhiM
H-NS	yjjP
H-NS	yjjQ
HU	galE
HU	galK
HU	galM
HU	galT
HU	micF
HU	mtr
HU	pgm
HU	seqA
HU	tyrP
HcaR	hcaB
HcaR	hcaC
HcaR	hcaD
HcaR	hcaE
HcaR	hcaF
HcaR	hcaR
HdfR	flhC
HdfR	flhD
HdfR	gltB
HdfR	gltD
HdfR	gltF
HipAB	hipA
HipAB	hipB
HipB	hipA
HipB	hipB
HyfR	focB
HyfR	hyfA
HyfR	hyfB
HyfR	hyfC
HyfR	hyfD
HyfR	hyfE
HyfR	hyfF
HyfR	hyfG
HyfR	hyfH
HyfR	hyfI
HyfR	hyfJ
HyfR	hyfR
HypT	cydA
HypT	cydB
HypT	cysH
HypT	fecA
HypT	fecB
HypT	fecC
HypT	fecD
HypT	fecE
HypT	metB
HypT	metI
HypT	metL
HypT	metN
HypT	metQ
IHF	aceA
IHF	aceB
IHF	aceK
IHF	acs
IHF	actP
IHF	adiA
IHF	amiA
IHF	atoA
IHF	atoB
IHF	atoD
IHF	atoE
IHF	carA
IHF	carB
IHF	csgD
IHF	csgE
IHF	csgF
IHF	csgG
IHF	cysG
IHF	cysG
IHF	cysH
IHF	cysI
IHF	cysJ
IHF	dcuD
IHF	dmsA
IHF	dmsB
IHF	dmsC
IHF	dppA
IHF	dppB
IHF	dppC
IHF	dppD
IHF	dppF
IHF	dps
IHF	dusB
IHF	envZ
IHF	fhlA
IHF	fimA
IHF	fimB
IHF	fimC
IHF	fimD
IHF	fimF
IHF	fimG
IHF	fimH
IHF	fimI
IHF	fis
IHF	flhC
IHF	flhD
IHF	fnr
IHF	focA
IHF	folA
IHF	gcd
IHF	glcA
IHF	glcB
IHF	glcD
IHF	glcE
IHF	glcF
IHF	glcG
IHF	glmY
IHF	glnH
IHF	glnP
IHF	glnQ
IHF	glpQ
IHF	glpT
IHF	gltA
IHF	gltB
IHF	gltD
IHF	gltF
IHF	hemA
IHF	hemF
IHF	hipA
IHF	hipB
IHF	hpt
IHF	htrE
IHF	hycA
IHF	hycB
IHF	hycC
IHF	hycD
IHF	hycE
IHF	hycF
IHF	hycG
IHF	hycH
IHF	hycI
IHF	hypA
IHF	hypB
IHF	hypC
IHF	hypD
IHF	hypE
IHF	ibpB
IHF	ihfA
IHF	ihfB
IHF	ilvA
IHF	ilvA
IHF	ilvD
IHF	ilvD
IHF	ilvE
IHF	ilvE
IHF	ilvG_1
IHF	ilvG_1
IHF	ilvG_2
IHF	ilvG_2
IHF	ilvL
IHF	ilvL
IHF	ilvM
IHF	ilvM
IHF	ilvX
IHF	ilvX
IHF	lyxK
IHF	micF
IHF	mtr
IHF	narG
IHF	narH
IHF	narI
IHF	narJ
IHF	narK
IHF	ndh
IHF	nirB
IHF	nirB
IHF	nirC
IHF	nirC
IHF	nirD
IHF	nirD
IHF	nmpC
IHF	norV
IHF	norV
IHF	norW
IHF	norW
IHF	nrfA
IHF	nrfA
IHF	nrfB
IHF	nrfB
IHF	nrfC
IHF	nrfC
IHF	nrfD
IHF	nrfD
IHF	nrfE
IHF	nrfE
IHF	nrfF
IHF	nrfF
IHF	nrfG
IHF	nrfG
IHF	nuoA
IHF	nuoB
IHF	nuoC
IHF	nuoE
IHF	nuoF
IHF	nuoG
IHF	nuoH
IHF	nuoI
IHF	nuoJ
IHF	nuoK
IHF	nuoL
IHF	nuoM
IHF	nuoN
IHF	ompC
IHF	ompF
IHF	ompF
IHF	ompR
IHF	osmE
IHF	osmY
IHF	paaA
IHF	paaB
IHF	paaC
IHF	paaD
IHF	paaE
IHF	paaF
IHF	paaG
IHF	paaH
IHF	paaI
IHF	paaJ
IHF	paaK
IHF	paaZ
IHF	patA
IHF	pflB
IHF	phoU
IHF	prfA
IHF	prmC
IHF	pspA
IHF	pspB
IHF	pspC
IHF	pspD
IHF	pspE
IHF	pspG
IHF	pstA
IHF	pstB
IHF	pstC
IHF	pstS
IHF	rpoH
IHF	rtcA
IHF	rtcB
IHF	sgbE
IHF	sgbH
IHF	sgbU
IHF	sodA
IHF	sodB
IHF	sra
IHF	ssuA
IHF	ssuA
IHF	ssuB
IHF	ssuB
IHF	ssuC
IHF	ssuC
IHF	ssuD
IHF	ssuD
IHF	ssuE
IHF	ssuE
IHF	sucA
IHF	sucB
IHF	sucC
IHF	sucD
IHF	sufA
IHF	sufB
IHF	sufC
IHF	sufD
IHF	sufE
IHF	sufS
IHF	tdcA
IHF	tdcB
IHF	tdcC
IHF	tdcD
IHF	tdcE
IHF	tdcF
IHF	tdcG
IHF	tyrP
IHF	ubiA
IHF	ubiC
IHF	ulaA
IHF	ulaB
IHF	ulaC
IHF	ulaD
IHF	ulaE
IHF	ulaF
IHF	ulaG
IHF	uspA
IHF	uspB
IHF	yadV
IHF	yeiL
IHF	yiaJ
IHF	yiaK
IHF	yiaL
IHF	yiaM
IHF	yiaN
IHF	yiaO
IHF	yjbE
IHF	yjbF
IHF	yjbG
IHF	yjbH
IHF	yjcH
IclR	aceA
IclR	aceB
IclR	aceK
IclR	iclR
IdnR	gntK
IdnR	gntU
IdnR	idnD
IdnR	idnK
IdnR	idnO
IdnR	idnR
IdnR	idnT
IlvY	ilvC
IlvY	ilvY
IscR	erpA
IscR	hyaA
IscR	hyaB
IscR	hyaC
IscR	hyaD
IscR	hyaE
IscR	hyaF
IscR	iscA
IscR	iscR
IscR	iscS
IscR	iscU
IscR	napA
IscR	napB
IscR	napC
IscR	napD
IscR	napF
IscR	napG
IscR	napH
IscR	nfuA
IscR	nrdE
IscR	nrdF
IscR	nrdH
IscR	nrdI
IscR	rnlA
IscR	rnlB
IscR	sufA
IscR	sufB
IscR	sufC
IscR	sufD
IscR	sufE
IscR	sufS
IscR	ydiU
KdgR	eda
KdgR	edd
KdpE	kdpA
KdpE	kdpB
KdpE	kdpC
KdpE	kdpF
LacI	lacA
LacI	lacY
LacI	lacZ
LeuO	bglB
LeuO	bglF
LeuO	bglG
LeuO	bglJ
LeuO	cadC
LeuO	cas1
LeuO	cas2
LeuO	casA
LeuO	casB
LeuO	casC
LeuO	casD
LeuO	casE
LeuO	dsrA
LeuO	leuA
LeuO	leuB
LeuO	leuC
LeuO	leuD
LeuO	leuL
LeuO	leuO
LeuO	leuO
LeuO	yjjQ
LexA	cho
LexA	ddlB
LexA	dinB
LexA	dinD
LexA	dinF
LexA	dinG
LexA	dinI
LexA	dinJ
LexA	dinQ
LexA	dnaG
LexA	ftsA
LexA	ftsI
LexA	ftsK
LexA	ftsL
LexA	ftsQ
LexA	ftsW
LexA	ftsZ
LexA	hokE
LexA	insK
LexA	lexA
LexA	lpxC
LexA	molR_1
LexA	mraY
LexA	murC
LexA	murD
LexA	murE
LexA	murF
LexA	murG
LexA	phr
LexA	polB
LexA	ptrA
LexA	recA
LexA	recB
LexA	recD
LexA	recN
LexA	recX
LexA	rpoD
LexA	rpsU
LexA	ruvA
LexA	ruvB
LexA	sbmC
LexA	ssb
LexA	sulA
LexA	symE
LexA	tisB
LexA	umuC
LexA	umuD
LexA	uvrA
LexA	uvrB
LexA	uvrC
LexA	uvrD
LexA	uvrY
LexA	yafN
LexA	yafO
LexA	yafP
LexA	yafQ
LexA	ybfE
LexA	ydjM
LexA	yebG
LldR	lldD
LldR	lldD
LldR	lldP
LldR	lldP
LldR	lldR
LldR	lldR
LrhA	fimE
LrhA	flhC
LrhA	flhD
LrhA	lrhA
Lrp	adhE
Lrp	aidB
Lrp	alaA
Lrp	alaT
Lrp	alaU
Lrp	alaV
Lrp	argO
Lrp	aroA
Lrp	avtA
Lrp	cadA
Lrp	cadB
Lrp	csiD
Lrp	dadA
Lrp	dadX
Lrp	fau
Lrp	fimA
Lrp	fimC
Lrp	fimD
Lrp	fimE
Lrp	fimF
Lrp	fimG
Lrp	fimH
Lrp	fimI
Lrp	gabD
Lrp	gabP
Lrp	gabT
Lrp	gcvH
Lrp	gcvP
Lrp	gcvT
Lrp	gltB
Lrp	gltD
Lrp	gltF
Lrp	gltT
Lrp	gltU
Lrp	gltV
Lrp	gltW
Lrp	hdeA
Lrp	hdeB
Lrp	ileT
Lrp	ileU
Lrp	ileV
Lrp	ilvA
Lrp	ilvD
Lrp	ilvE
Lrp	ilvG_1
Lrp	ilvG_2
Lrp	ilvH
Lrp	ilvH
Lrp	ilvI
Lrp	ilvI
Lrp	ilvL
Lrp	ilvM
Lrp	ilvX
Lrp	kbl
Lrp	leuE
Lrp	lhgO
Lrp	livF
Lrp	livG
Lrp	livH
Lrp	livJ
Lrp	livK
Lrp	livM
Lrp	lrp
Lrp	lysP
Lrp	lysU
Lrp	malT
Lrp	micF
Lrp	ompC
Lrp	oppA
Lrp	oppB
Lrp	oppC
Lrp	oppD
Lrp	oppF
Lrp	osmC
Lrp	osmC
Lrp	osmY
Lrp	rrfA
Lrp	rrfB
Lrp	rrfC
Lrp	rrfD
Lrp	rrfE
Lrp	rrfF
Lrp	rrfG
Lrp	rrfH
Lrp	rrlA
Lrp	rrlB
Lrp	rrlC
Lrp	rrlD
Lrp	rrlE
Lrp	rrlG
Lrp	rrlH
Lrp	rrsA
Lrp	rrsB
Lrp	rrsC
Lrp	rrsD
Lrp	rrsE
Lrp	rrsG
Lrp	rrsH
Lrp	sdaA
Lrp	serA
Lrp	serA
Lrp	serC
Lrp	ssrS
Lrp	stpA
Lrp	tdh
Lrp	thrV
Lrp	yeiL
Lrp	yhiD
Lrp	yojI
LsrR	lsrA
LsrR	lsrB
LsrR	lsrC
LsrR	lsrD
LsrR	lsrF
LsrR	lsrG
LsrR	lsrK
LsrR	lsrR
LsrR	tam
LysR	lysA
LysR	lysR
MalI	malI
MalI	malX
MalI	malY
MalT	lamB
MalT	malE
MalT	malF
MalT	malG
MalT	malK
MalT	malM
MalT	malP
MalT	malQ
MalT	malS
MalT	malZ
MarA	acnA
MarA	acrA
MarA	acrB
MarA	acrZ
MarA	dctR
MarA	fpr
MarA	fumC
MarA	hdeA
MarA	hdeB
MarA	inaA
MarA	marA
MarA	marB
MarA	marR
MarA	micF
MarA	nfo
MarA	nfsA
MarA	nfsB
MarA	poxB
MarA	pqiA
MarA	pqiB
MarA	purA
MarA	putA
MarA	rimK
MarA	rob
MarA	slp
MarA	sodA
MarA	tolC
MarA	waaY
MarA	waaZ
MarA	ybaO
MarA	ybjC
MarA	ybjN
MarA	ygiA
MarA	ygiB
MarA	ygiC
MarA	yhiD
MarA	yncE
MarA	zwf
MarR	marA
MarR	marB
MarR	marR
MatA	ecpA
MatA	ecpR
MatA	flhC
MatA	flhD
MatA	fliA
MatA	fliC
MatA	fliY
MatA	fliZ
MazE	mazE
MazE	mazF
MazE	mazG
MazE-MazF	mazE
MazE-MazF	mazF
MazE-MazF	mazG
McbR	mcbA
McbR	yciE
McbR	yciF
McbR	yciG
MelR	melA
MelR	melA
MelR	melA
MelR	melB
MelR	melB
MelR	melB
MelR	melR
MelR	melR
MetJ	ahpC
MetJ	ahpF
MetJ	folE
MetJ	metA
MetJ	metB
MetJ	metC
MetJ	metE
MetJ	metF
MetJ	metI
MetJ	metK
MetJ	metL
MetJ	metN
MetJ	metQ
MetJ	metR
MetJ	yeiB
MetR	glyA
MetR	glyA
MetR	hmp
MetR	metE
MetR	metH
MetR	metR
MhpR	mhpA
MhpR	mhpB
MhpR	mhpC
MhpR	mhpD
MhpR	mhpE
MhpR	mhpF
Mlc	crr
Mlc	malT
Mlc	manX
Mlc	manY
Mlc	manZ
Mlc	mlc
Mlc	ptsG
Mlc	ptsH
Mlc	ptsI
Mlc	ynfK
MlrA	cadC
MlrA	csgD
MlrA	csgE
MlrA	csgF
MlrA	csgG
MlrA	ibaG
MlrA	rplU
MlrA	rpmA
MngR	mngA
MngR	mngB
MngR	mngR
MntR	dps
MntR	mntH
MntR	mntP
MntR	mntS
MntR	rybA
ModE	ccmA
ModE	ccmB
ModE	ccmC
ModE	ccmD
ModE	ccmE
ModE	ccmF
ModE	ccmG
ModE	ccmH
ModE	deoA
ModE	deoB
ModE	deoC
ModE	deoD
ModE	dmsA
ModE	dmsB
ModE	dmsC
ModE	hycA
ModE	hycB
ModE	hycC
ModE	hycD
ModE	hycE
ModE	hycF
ModE	hycG
ModE	hycH
ModE	hycI
ModE	moaA
ModE	moaB
ModE	moaC
ModE	moaD
ModE	moaE
ModE	modA
ModE	modB
ModE	modC
ModE	napA
ModE	napB
ModE	napC
ModE	napD
ModE	napF
ModE	napG
ModE	napH
ModE	narL
ModE	narX
ModE	oppA
ModE	oppB
ModE	oppC
ModE	oppD
ModE	oppF
MprA	acrA
MprA	acrB
MprA	emrA
MprA	emrB
MprA	mprA
MprA	nmpC
MqsA	cspD
MqsA	mqsA
MqsA	mqsR
MqsA	rpoS
MtlR	mtlA
MtlR	mtlD
MtlR	mtlR
MurR	murP
MurR	murQ
MurR	murR
Nac	asnC
Nac	codA
Nac	codB
Nac	feaR
Nac	gabD
Nac	gabP
Nac	gabT
Nac	gdhA
Nac	gltB
Nac	gltD
Nac	gltF
Nac	mioC
Nac	mnmG
Nac	nac
Nac	nupC
Nac	patD
Nac	serA
Nac	ydcS
Nac	ydcT
Nac	ydcU
Nac	ydcV
NadR	nadA
NadR	nadB
NadR	pncB
NadR	pnuC
NagC	chbA
NagC	chbB
NagC	chbC
NagC	chbF
NagC	chbG
NagC	chbR
NagC	chiP
NagC	creA
NagC	creB
NagC	creC
NagC	creD
NagC	crr
NagC	dinI
NagC	feoA
NagC	feoB
NagC	feoC
NagC	fimB
NagC	galP
NagC	glmS
NagC	glmS
NagC	glmU
NagC	glmU
NagC	manX
NagC	manY
NagC	manZ
NagC	nagA
NagC	nagB
NagC	nagC
NagC	nagE
NagC	nanC
NagC	nanM
NagC	nanS
NagC	ptsH
NagC	ptsI
NagC	umpH
NagC	ybfN
NagC	ydeN
NagC	ydeP
NanR	fimB
NanR	nanA
NanR	nanC
NanR	nanE
NanR	nanK
NanR	nanM
NanR	nanS
NanR	nanT
NanR	yhcH
NanR	yjhB
NanR	yjhC
NarL	adhE
NarL	aspA
NarL	caiF
NarL	ccmA
NarL	ccmB
NarL	ccmC
NarL	ccmD
NarL	ccmE
NarL	ccmF
NarL	ccmG
NarL	ccmH
NarL	citC
NarL	citD
NarL	citE
NarL	citF
NarL	citG
NarL	citX
NarL	cydC
NarL	cydD
NarL	cysG
NarL	dcuA
NarL	dcuB
NarL	dcuR
NarL	dcuS
NarL	dmsA
NarL	dmsB
NarL	dmsC
NarL	dmsD
NarL	dpiA
NarL	dpiB
NarL	fdhF
NarL	fdnG
NarL	fdnH
NarL	fdnI
NarL	focA
NarL	frdA
NarL	frdB
NarL	frdC
NarL	frdD
NarL	fumB
NarL	hcp
NarL	hcr
NarL	hyaA
NarL	hyaB
NarL	hyaC
NarL	hyaD
NarL	hyaE
NarL	hyaF
NarL	hybA
NarL	hybB
NarL	hybC
NarL	hybD
NarL	hybE
NarL	hybF
NarL	hybG
NarL	hybO
NarL	moeA
NarL	moeB
NarL	napA
NarL	napB
NarL	napC
NarL	napD
NarL	napF
NarL	napG
NarL	napH
NarL	narG
NarL	narH
NarL	narI
NarL	narJ
NarL	narK
NarL	nikA
NarL	nikB
NarL	nikC
NarL	nikD
NarL	nikE
NarL	nikR
NarL	nirB
NarL	nirC
NarL	nirD
NarL	norV
NarL	norW
NarL	nrfA
NarL	nrfA
NarL	nrfA
NarL	nrfB
NarL	nrfB
NarL	nrfB
NarL	nrfC
NarL	nrfC
NarL	nrfC
NarL	nrfD
NarL	nrfD
NarL	nrfD
NarL	nrfE
NarL	nrfE
NarL	nrfE
NarL	nrfF
NarL	nrfF
NarL	nrfF
NarL	nrfG
NarL	nrfG
NarL	nrfG
NarL	nuoA
NarL	nuoB
NarL	nuoC
NarL	nuoE
NarL	nuoF
NarL	nuoG
NarL	nuoH
NarL	nuoI
NarL	nuoJ
NarL	nuoK
NarL	nuoL
NarL	nuoM
NarL	nuoN
NarL	ogt
NarL	pflB
NarL	torA
NarL	torC
NarL	torD
NarL	ubiA
NarL	ubiC
NarL	ydhT
NarL	ydhU
NarL	ydhV
NarL	ydhW
NarL	ydhX
NarL	ydhY
NarL	yeaR
NarL	ynfE
NarL	ynfF
NarL	ynfG
NarL	ynfH
NarL	yoaG
NarL	ytfE
NarP	ccmA
NarP	ccmA
NarP	ccmB
NarP	ccmB
NarP	ccmC
NarP	ccmC
NarP	ccmD
NarP	ccmD
NarP	ccmE
NarP	ccmE
NarP	ccmF
NarP	ccmF
NarP	ccmG
NarP	ccmG
NarP	ccmH
NarP	ccmH
NarP	cysG
NarP	fdhF
NarP	fdnG
NarP	fdnH
NarP	fdnI
NarP	hcp
NarP	hcr
NarP	hyaA
NarP	hyaB
NarP	hyaC
NarP	hyaD
NarP	hyaE
NarP	hyaF
NarP	napA
NarP	napA
NarP	napB
NarP	napB
NarP	napC
NarP	napC
NarP	napD
NarP	napD
NarP	napF
NarP	napF
NarP	napG
NarP	napG
NarP	napH
NarP	napH
NarP	nirB
NarP	nirC
NarP	nirD
NarP	norV
NarP	norW
NarP	nrfA
NarP	nrfB
NarP	nrfC
NarP	nrfD
NarP	nrfE
NarP	nrfF
NarP	nrfG
NarP	ydhT
NarP	ydhU
NarP	ydhV
NarP	ydhW
NarP	ydhX
NarP	ydhY
NarP	yeaR
NarP	yoaG
NarP	ytfE
NemR	gloA
NemR	nemA
NemR	nemR
NhaR	nhaA
NhaR	nhaA
NhaR	nhaR
NhaR	nhaR
NhaR	osmC
NhaR	pgaA
NhaR	pgaB
NhaR	pgaC
NhaR	pgaD
NikR	nikA
NikR	nikB
NikR	nikC
NikR	nikD
NikR	nikE
NikR	nikR
NorR	norR
NorR	norV
NorR	norW
NrdR	nrdA
NrdR	nrdB
NrdR	nrdD
NrdR	nrdE
NrdR	nrdF
NrdR	nrdG
NrdR	nrdH
NrdR	nrdI
NrdR	yfaE
NsrR	aceE
NsrR	aceF
NsrR	bamE
NsrR	bdcA
NsrR	cdd
NsrR	dkgB
NsrR	dsdC
NsrR	feaB
NsrR	feaR
NsrR	fhlA
NsrR	fliA
NsrR	fliY
NsrR	fliZ
NsrR	grxD
NsrR	hcp
NsrR	hcr
NsrR	hmp
NsrR	hycA
NsrR	hycB
NsrR	hycC
NsrR	hycD
NsrR	hycE
NsrR	hycF
NsrR	hycG
NsrR	hycH
NsrR	hycI
NsrR	hypA
NsrR	hypB
NsrR	hypC
NsrR	hypD
NsrR	hypE
NsrR	ihfA
NsrR	infC
NsrR	lrp
NsrR	mepH
NsrR	mhpT
NsrR	ndh
NsrR	norR
NsrR	nrfA
NsrR	nrfB
NsrR	nrfC
NsrR	nrfD
NsrR	nrfE
NsrR	nrfF
NsrR	nrfG
NsrR	pgpC
NsrR	pheM
NsrR	pheS
NsrR	pheT
NsrR	rfe
NsrR	rffA
NsrR	rffC
NsrR	rffD
NsrR	rffE
NsrR	rffG
NsrR	rffH
NsrR	rffM
NsrR	rffT
NsrR	rplT
NsrR	rpmI
NsrR	rybB
NsrR	sodB
NsrR	sufA
NsrR	sufB
NsrR	sufC
NsrR	sufD
NsrR	sufE
NsrR	sufS
NsrR	tadA
NsrR	tehA
NsrR	tehB
NsrR	thrS
NsrR	tsgA
NsrR	waaH
NsrR	wzxE
NsrR	wzyE
NsrR	wzzE
NsrR	ydbD
NsrR	yeaE
NsrR	yeaR
NsrR	ygbA
NsrR	yoaG
NsrR	ytfE
NtrC	amtB
NtrC	argT
NtrC	astA
NtrC	astB
NtrC	astC
NtrC	astD
NtrC	astE
NtrC	cbl
NtrC	ddpA
NtrC	ddpB
NtrC	ddpC
NtrC	ddpD
NtrC	ddpF
NtrC	ddpX
NtrC	glnA
NtrC	glnA
NtrC	glnG
NtrC	glnG
NtrC	glnH
NtrC	glnH
NtrC	glnK
NtrC	glnL
NtrC	glnL
NtrC	glnP
NtrC	glnP
NtrC	glnQ
NtrC	glnQ
NtrC	hisJ
NtrC	hisM
NtrC	hisP
NtrC	hisQ
NtrC	nac
NtrC	patA
NtrC	potF
NtrC	potG
NtrC	potH
NtrC	potI
NtrC	rutA
NtrC	rutB
NtrC	rutC
NtrC	rutD
NtrC	rutE
NtrC	rutF
NtrC	rutG
NtrC	yeaG
NtrC	yeaH
NtrC	yhdW
NtrC	yhdX
NtrC	yhdY
NtrC	yhdZ
OmpR	bolA
OmpR	csgD
OmpR	csgE
OmpR	csgF
OmpR	csgG
OmpR	ecnB
OmpR	fadL
OmpR	flhC
OmpR	flhD
OmpR	micF
OmpR	nmpC
OmpR	ompC
OmpR	ompF
OmpR	ompF
OmpR	ompF
OmpR	omrA
OmpR	omrB
OmpR	sra
OmpR	tppB
OxyR	ahpC
OxyR	ahpF
OxyR	dps
OxyR	dsbG
OxyR	fhuF
OxyR	flu
OxyR	fur
OxyR	gntP
OxyR	gor
OxyR	grxA
OxyR	hcp
OxyR	hcr
OxyR	hemH
OxyR	katG
OxyR	mntH
OxyR	nfsA
OxyR	oxyR
OxyR	oxyS
OxyR	rimK
OxyR	sufA
OxyR	sufB
OxyR	sufC
OxyR	sufD
OxyR	sufE
OxyR	sufS
OxyR	trxC
OxyR	uof
OxyR	uxuA
OxyR	uxuB
OxyR	ybjC
OxyR	ybjN
OxyR	ychF
OxyR	yhjA
PaaX	paaA
PaaX	paaB
PaaX	paaC
PaaX	paaD
PaaX	paaE
PaaX	paaF
PaaX	paaG
PaaX	paaH
PaaX	paaI
PaaX	paaJ
PaaX	paaK
PaaX	paaZ
PdhR	aceE
PdhR	aceF
PdhR	cyoA
PdhR	cyoB
PdhR	cyoC
PdhR	cyoD
PdhR	cyoE
PdhR	ddlB
PdhR	fecA
PdhR	fecB
PdhR	fecC
PdhR	fecD
PdhR	fecE
PdhR	ftsA
PdhR	ftsI
PdhR	ftsL
PdhR	ftsQ
PdhR	ftsW
PdhR	ftsZ
PdhR	glcA
PdhR	glcB
PdhR	glcD
PdhR	glcE
PdhR	glcF
PdhR	glcG
PdhR	grcA
PdhR	hemL
PdhR	hha
PdhR	lipA
PdhR	lpd
PdhR	lpxC
PdhR	mraY
PdhR	mraZ
PdhR	murC
PdhR	murD
PdhR	murE
PdhR	murF
PdhR	murG
PdhR	ndh
PdhR	pdhR
PdhR	rsmH
PdhR	tomB
PepA	carA
PepA	carB
PepA	pepA
PgrR	mpaA
PgrR	ycjY
PgrR	ymjC
PgrR	ymjD
PhoB	adiC
PhoB	amn
PhoB	argP
PhoB	asr
PhoB	cra
PhoB	cusA
PhoB	cusB
PhoB	cusC
PhoB	cusF
PhoB	cusR
PhoB	cusS
PhoB	eda
PhoB	feaR
PhoB	gadW
PhoB	gadX
PhoB	mipA
PhoB	ompF
PhoB	phnC
PhoB	phnD
PhoB	phnE_1
PhoB	phnE_2
PhoB	phnF
PhoB	phnG
PhoB	phnH
PhoB	phnI
PhoB	phnJ
PhoB	phnK
PhoB	phnL
PhoB	phnM
PhoB	phnN
PhoB	phnO
PhoB	phnP
PhoB	phoA
PhoB	phoB
PhoB	phoE
PhoB	phoH
PhoB	phoQ
PhoB	phoR
PhoB	phoU
PhoB	pitB
PhoB	prpR
PhoB	psiE
PhoB	psiF
PhoB	pstA
PhoB	pstB
PhoB	pstC
PhoB	pstS
PhoB	sbcC
PhoB	sbcD
PhoB	tktB
PhoB	ugpA
PhoB	ugpA
PhoB	ugpB
PhoB	ugpB
PhoB	ugpC
PhoB	ugpC
PhoB	ugpE
PhoB	ugpE
PhoB	ugpQ
PhoB	ugpQ
PhoB	waaH
PhoB	ydfH
PhoB	yedX
PhoB	yegH
PhoB	yhjC
PhoP	acrA
PhoP	acrB
PhoP	argD
PhoP	borD
PhoP	cysB
PhoP	dcuD
PhoP	fadL
PhoP	gadE
PhoP	gadW
PhoP	glgA
PhoP	glgB
PhoP	glgC
PhoP	glgP
PhoP	glgX
PhoP	hdeA
PhoP	hdeB
PhoP	hdeD
PhoP	hemL
PhoP	iraM
PhoP	malS
PhoP	metB
PhoP	metL
PhoP	mgrB
PhoP	mgrR
PhoP	mgtA
PhoP	mgtL
PhoP	nagA
PhoP	ompT
PhoP	pagP
PhoP	phoP
PhoP	phoP
PhoP	phoQ
PhoP	phoQ
PhoP	purD
PhoP	purH
PhoP	rstA
PhoP	rstB
PhoP	rutA
PhoP	rutB
PhoP	rutC
PhoP	rutD
PhoP	rutE
PhoP	rutF
PhoP	rutG
PhoP	safA
PhoP	slyB
PhoP	slyB
PhoP	tolC
PhoP	treR
PhoP	ybjG
PhoP	ydeO
PhoP	ydeP
PhoP	ygiA
PhoP	ygiB
PhoP	ygiC
PhoP	yhiD
PhoP	yneM
PhoP	yrbL
PrpR	prpB
PrpR	prpC
PrpR	prpD
PrpR	prpE
PrpR	prpR
PspF	pspA
PspF	pspB
PspF	pspC
PspF	pspD
PspF	pspE
PspF	pspF
PspF	pspG
PurR	carA
PurR	carB
PurR	codA
PurR	codB
PurR	cvpA
PurR	gcvH
PurR	gcvP
PurR	gcvT
PurR	glnB
PurR	glyA
PurR	guaA
PurR	guaB
PurR	hflD
PurR	prs
PurR	purA
PurR	purB
PurR	purC
PurR	purD
PurR	purE
PurR	purF
PurR	purH
PurR	purK
PurR	purL
PurR	purM
PurR	purN
PurR	purR
PurR	pyrC
PurR	pyrD
PurR	speA
PurR	speB
PurR	ubiX
PutA	putA
PutA	putP
PuuR	puuA
PuuR	puuB
PuuR	puuC
PuuR	puuD
PuuR	puuE
PuuR	puuP
PuuR	puuR
QseB	flhC
QseB	flhD
QseB	qseB
QseB	qseC
RbsR	add
RbsR	purD
RbsR	purH
RbsR	rbsA
RbsR	rbsB
RbsR	rbsC
RbsR	rbsD
RbsR	rbsK
RbsR	rbsR
RcdA	asr
RcdA	bluF
RcdA	csgD
RcdA	csgE
RcdA	csgF
RcdA	csgG
RcdA	sulA
RcdA	yagK
RcdA	ydeI
RclR	rclA
RclR	rclB
RclR	rclC
RcnR	rcnA
RcnR	rcnB
RcnR	rcnR
RcsAB	csgD
RcsAB	csgE
RcsAB	csgF
RcsAB	csgG
RcsAB	flhC
RcsAB	flhD
RcsAB	rcsA
RcsAB	wcaA
RcsAB	wcaB
RcsAB	wza
RcsAB	wzb
RcsAB	wzc
RcsAB	yjbE
RcsAB	yjbF
RcsAB	yjbG
RcsAB	yjbH
RcsB	bdm
RcsB	ftsA
RcsB	ftsZ
RcsB	gadA
RcsB	gadB
RcsB	gadC
RcsB	gadX
RcsB	gadY
RcsB	hdeA
RcsB	hdeB
RcsB	hdeD
RcsB	lolA
RcsB	osmB
RcsB	osmC
RcsB	rarA
RcsB	rprA
RcsB	safA
RcsB	sra
RcsB	ydeO
RcsB	ydeP
RcsB	yhiD
RcsB-BglJ	bglB
RcsB-BglJ	bglF
RcsB-BglJ	bglG
RcsB-BglJ	leuO
RelB	hokD
RelB	relB
RelB	relE
RelB-RelE	hokD
RelB-RelE	relB
RelB-RelE	relE
RhaR	rhaR
RhaR	rhaS
RhaS	rhaA
RhaS	rhaB
RhaS	rhaD
RhaS	rhaR
RhaS	rhaR
RhaS	rhaS
RhaS	rhaS
RhaS	rhaT
RhaS	rhaT
Rob	acnA
Rob	acrA
Rob	acrB
Rob	acrZ
Rob	aslB
Rob	fumC
Rob	inaA
Rob	marA
Rob	marB
Rob	marR
Rob	micF
Rob	mltF
Rob	nfo
Rob	nfsA
Rob	nfsB
Rob	rimK
Rob	rob
Rob	sodA
Rob	tolC
Rob	ybiS
Rob	ybjC
Rob	ybjN
Rob	ygiA
Rob	ygiB
Rob	ygiC
Rob	zwf
RstA	asr
RstA	csgD
RstA	csgE
RstA	csgF
RstA	csgG
RstA	narG
RstA	narH
RstA	narI
RstA	narJ
RstA	ompF
RtcR	rtcA
RtcR	rtcB
RutR	carA
RutR	carB
RutR	fepB
RutR	gadW
RutR	gadX
RutR	gloA
RutR	gmr
RutR	nemA
RutR	nemR
RutR	rutA
RutR	rutB
RutR	rutC
RutR	rutD
RutR	rutE
RutR	rutF
RutR	rutG
RutR	rutR
SdiA	ftsA
SdiA	ftsQ
SdiA	ftsQ
SdiA	ftsZ
SdiA	gadW
SdiA	ydiV
SgrR	alaC
SgrR	setA
SgrR	sgrR
SgrR	sgrS
SgrR	sgrT
SgrR	sroA
SgrR	tbpA
SgrR	thiP
SgrR	thiQ
SlyA	hlyE
SoxR	fumC
SoxR	soxR
SoxR	soxS
SoxS	acnA
SoxS	acrA
SoxS	acrB
SoxS	acrZ
SoxS	fldA
SoxS	fldB
SoxS	fpr
SoxS	fumC
SoxS	fur
SoxS	inaA
SoxS	marA
SoxS	marB
SoxS	marR
SoxS	micF
SoxS	nfo
SoxS	nfsA
SoxS	nfsB
SoxS	ompN
SoxS	pgi
SoxS	poxB
SoxS	pqiA
SoxS	pqiB
SoxS	ptsG
SoxS	ribA
SoxS	rimK
SoxS	rob
SoxS	sodA
SoxS	soxS
SoxS	tolC
SoxS	uof
SoxS	waaY
SoxS	waaZ
SoxS	ybjC
SoxS	ybjN
SoxS	ydbK
SoxS	ygiA
SoxS	ygiB
SoxS	ygiC
SoxS	zinT
SoxS	zwf
StpA	bglB
StpA	bglF
StpA	bglG
StpA	fau
StpA	leuO
StpA	ssrS
StpA	stpA
TdcA	tdcA
TdcA	tdcB
TdcA	tdcC
TdcA	tdcD
TdcA	tdcE
TdcA	tdcF
TdcA	tdcG
TdcR	tdcA
TdcR	tdcB
TdcR	tdcC
TdcR	tdcD
TdcR	tdcE
TdcR	tdcF
TdcR	tdcG
TorR	gadA
TorR	gadX
TorR	hdeA
TorR	hdeB
TorR	tnaA
TorR	tnaB
TorR	tnaC
TorR	torA
TorR	torC
TorR	torD
TorR	torR
TorR	yhiD
TreR	treB
TreR	treC
TrpR	aroH
TrpR	aroL
TrpR	aroM
TrpR	mtr
TrpR	trpA
TrpR	trpB
TrpR	trpC
TrpR	trpD
TrpR	trpE
TrpR	trpL
TrpR	trpR
TrpR	yaiA
TyrR	aroF
TyrR	aroG
TyrR	aroL
TyrR	aroM
TyrR	aroP
TyrR	folA
TyrR	mtr
TyrR	tyrA
TyrR	tyrB
TyrR	tyrP
TyrR	tyrP
TyrR	tyrR
TyrR	yaiA
UhpA	uhpT
UidR	uidA
UidR	uidB
UidR	uidC
UidR	uidR
UlaR	ulaA
UlaR	ulaB
UlaR	ulaC
UlaR	ulaD
UlaR	ulaE
UlaR	ulaF
UlaR	ulaG
UxuR	gntP
UxuR	uidA
UxuR	uidB
UxuR	uidC
UxuR	uxuA
UxuR	uxuB
UxuR	uxuR
UxuR	yjjM
XapR	xapA
XapR	xapB
XylR	xylA
XylR	xylB
XylR	xylF
XylR	xylG
XylR	xylH
XylR	xylR
YdeO	gadE
YdeO	mdtE
YdeO	mdtF
YdeO	safA
YdeO	ydeO
YefM	yefM
YefM	yoeB
YefM-YoeB	yefM
YefM-YoeB	yoeB
YehT	yjiY
YeiL	yeiL
YiaJ	lyxK
YiaJ	sgbE
YiaJ	sgbH
YiaJ	sgbU
YiaJ	yiaJ
YiaJ	yiaK
YiaJ	yiaL
YiaJ	yiaM
YiaJ	yiaN
YiaJ	yiaO
YpdB	yhjX
YqhC	dkgA
YqhC	yqhD
YqjI	yqjH
YqjI	yqjI
ZntR	zntA
ZraR	zraP
ZraR	zraR
ZraR	zraS
Zur	ykgM
Zur	ykgO
Zur	zinT
Zur	znuA
Zur	znuB
Zur	znuC